time_s,mode,temp_C,r_internal_ohm,terminal_voltage_V,motor_power_kW,cumulative_energy_kWh
0,no_heating,-20,0.182845,295.146,88.5439,0.0245955
1,no_heating,-19.8903,0.182094,295.372,88.6115,0.0492098
2,no_heating,-19.781,0.18135,295.595,88.6785,0.0738428
3,no_heating,-19.6722,0.180613,295.816,88.7449,0.0984941
4,no_heating,-19.5639,0.179882,296.036,88.8107,0.123164
5,no_heating,-19.456,0.179157,296.253,88.8758,0.147851
6,no_heating,-19.3485,0.178439,296.468,88.9405,0.172557
7,no_heating,-19.2415,0.177728,296.682,89.0045,0.197281
8,no_heating,-19.1349,0.177023,296.893,89.068,0.222022
9,no_heating,-19.0287,0.176324,297.103,89.1309,0.24678
10,no_heating,-18.923,0.175631,297.311,89.1932,0.271556
11,no_heating,-18.8177,0.174944,297.517,89.255,0.296349
12,no_heating,-18.7128,0.174263,297.721,89.3163,0.321159
13,no_heating,-18.6083,0.173588,297.924,89.3771,0.345986
14,no_heating,-18.5042,0.172919,298.124,89.4373,0.37083
15,no_heating,-18.4005,0.172255,298.323,89.497,0.39569
16,no_heating,-18.2973,0.171598,298.521,89.5562,0.420567
17,no_heating,-18.1944,0.170945,298.716,89.6149,0.44546
18,no_heating,-18.0919,0.170298,298.91,89.6731,0.470369
19,no_heating,-17.9898,0.169657,299.103,89.7309,0.495294
20,no_heating,-17.8882,0.169021,299.294,89.7881,0.520236
21,no_heating,-17.7869,0.16839,299.483,89.8449,0.545193
22,no_heating,-17.6859,0.167765,299.67,89.9011,0.570165
23,no_heating,-17.5854,0.167145,299.857,89.957,0.595153
24,no_heating,-17.4852,0.166529,300.041,90.0123,0.620157
25,no_heating,-17.3855,0.165919,300.224,90.0673,0.645175
26,no_heating,-17.286,0.165314,300.406,90.1217,0.670209
27,no_heating,-17.187,0.164714,300.586,90.1758,0.695258
28,no_heating,-17.0883,0.164118,300.765,90.2294,0.720322
29,no_heating,-16.99,0.163528,300.942,90.2825,0.7454
30,no_heating,-16.8921,0.162942,301.118,90.3353,0.770493
31,no_heating,-16.7945,0.16236,301.292,90.3876,0.795601
32,no_heating,-16.6972,0.161784,301.465,90.4395,0.820723
33,no_heating,-16.6003,0.161211,301.637,90.491,0.845859
34,no_heating,-16.5038,0.160644,301.807,90.5421,0.87101
35,no_heating,-16.4076,0.160081,301.976,90.5927,0.896175
36,no_heating,-16.3117,0.159522,302.143,90.643,0.921353
37,no_heating,-16.2162,0.158967,302.31,90.6929,0.946546
38,no_heating,-16.121,0.158417,302.475,90.7425,0.971752
39,no_heating,-16.0262,0.157871,302.639,90.7916,0.996972
40,no_heating,-15.9317,0.157329,302.801,90.8404,1.02221
41,no_heating,-15.8375,0.156792,302.962,90.8887,1.04745
42,no_heating,-15.7436,0.156258,303.123,90.9368,1.07271
43,no_heating,-15.6501,0.155729,303.281,90.9844,1.09799
44,no_heating,-15.5569,0.155203,303.439,91.0317,1.12327
45,no_heating,-15.464,0.154682,303.595,91.0786,1.14857
46,no_heating,-15.3714,0.154164,303.751,91.1252,1.17388
47,no_heating,-15.2792,0.15365,303.905,91.1715,1.19921
48,no_heating,-15.1873,0.15314,304.058,91.2174,1.22455
49,no_heating,-15.0956,0.152634,304.21,91.2629,1.2499
50,no_heating,-15.0043,0.152131,304.361,91.3082,1.27526
51,no_heating,-14.9133,0.151633,304.51,91.3531,1.30064
52,no_heating,-14.8226,0.151137,304.659,91.3976,1.32603
53,no_heating,-14.7322,0.150646,304.806,91.4419,1.35143
54,no_heating,-14.6421,0.150158,304.953,91.4858,1.37684
55,no_heating,-14.5523,0.149673,305.098,91.5294,1.40226
56,no_heating,-14.4628,0.149192,305.242,91.5727,1.4277
57,no_heating,-14.3735,0.148715,305.386,91.6157,1.45315
58,no_heating,-14.2846,0.148241,305.528,91.6583,1.47861
59,no_heating,-14.196,0.14777,305.669,91.7007,1.50408
60,no_heating,-14.1076,0.147302,305.809,91.7428,1.52957
61,no_heating,-14.0195,0.146838,305.949,91.7846,1.55506
62,no_heating,-13.9318,0.146377,306.087,91.826,1.58057
63,no_heating,-13.8443,0.14592,306.224,91.8672,1.60609
64,no_heating,-13.757,0.145465,306.36,91.9081,1.63162
65,no_heating,-13.6701,0.145014,306.496,91.9488,1.65716
66,no_heating,-13.5834,0.144566,306.63,91.9891,1.68271
67,no_heating,-13.497,0.144121,306.764,92.0292,1.70828
68,no_heating,-13.4109,0.143678,306.896,92.0689,1.73385
69,no_heating,-13.325,0.143239,307.028,92.1085,1.75944
70,no_heating,-13.2395,0.142803,307.159,92.1477,1.78503
71,no_heating,-13.1541,0.14237,307.289,92.1867,1.81064
72,no_heating,-13.0691,0.14194,307.418,92.2254,1.83626
73,no_heating,-12.9843,0.141513,307.546,92.2638,1.86189
74,no_heating,-12.8997,0.141089,307.673,92.302,1.88753
75,no_heating,-12.8155,0.140667,307.8,92.34,1.91318
76,no_heating,-12.7315,0.140248,307.926,92.3777,1.93884
77,no_heating,-12.6477,0.139832,308.05,92.4151,1.96451
78,no_heating,-12.5642,0.139419,308.174,92.4523,1.99019
79,no_heating,-12.4809,0.139009,308.297,92.4892,2.01588
80,no_heating,-12.3979,0.138601,308.42,92.5259,2.04158
81,no_heating,-12.3152,0.138196,308.541,92.5624,2.06729
82,no_heating,-12.2327,0.137793,308.662,92.5986,2.09302
83,no_heating,-12.1504,0.137394,308.782,92.6346,2.11875
84,no_heating,-12.0684,0.136996,308.901,92.6703,2.14449
85,no_heating,-11.9866,0.136602,309.02,92.7059,2.17024
86,no_heating,-11.9051,0.13621,309.137,92.7411,2.196
87,no_heating,-11.8238,0.13582,309.254,92.7762,2.22177
88,no_heating,-11.7427,0.135433,309.37,92.811,2.24756
89,no_heating,-11.6619,0.135048,309.486,92.8457,2.27335
90,no_heating,-11.5813,0.134666,309.6,92.8801,2.29915
91,no_heating,-11.501,0.134286,309.714,92.9142,2.32496
92,no_heating,-11.4209,0.133909,309.827,92.9482,2.35077
93,no_heating,-11.341,0.133534,309.94,92.982,2.3766
94,no_heating,-11.2613,0.133161,310.052,93.0155,2.40244
95,no_heating,-11.1819,0.132791,310.163,93.0488,2.42829
96,no_heating,-11.1027,0.132423,310.273,93.082,2.45414
97,no_heating,-11.0237,0.132057,310.383,93.1149,2.48001
98,no_heating,-10.9449,0.131693,310.492,93.1476,2.50588
99,no_heating,-10.8664,0.131332,310.6,93.1801,2.53177
100,no_heating,-10.7881,0.130973,310.708,93.2124,2.55766
101,no_heating,-10.71,0.130616,310.815,93.2445,2.58356
102,no_heating,-10.6321,0.130262,310.922,93.2765,2.60947
103,no_heating,-10.5545,0.129909,311.027,93.3082,2.63539
104,no_heating,-10.477,0.129559,311.132,93.3397,2.66132
105,no_heating,-10.3998,0.12921,311.237,93.3711,2.68725
106,no_heating,-10.3228,0.128864,311.341,93.4022,2.7132
107,no_heating,-10.246,0.12852,311.444,93.4332,2.73915
108,no_heating,-10.1694,0.128178,311.547,93.464,2.76511
109,no_heating,-10.093,0.127838,311.649,93.4946,2.79108
110,no_heating,-10.0168,0.1275,311.75,93.525,2.81706
111,no_heating,-9.94087,0.127164,311.851,93.5552,2.84305
112,no_heating,-9.8651,0.12683,311.951,93.5853,2.86905
113,no_heating,-9.78955,0.126498,312.051,93.6152,2.89505
114,no_heating,-9.71419,0.126168,312.15,93.6449,2.92106
115,no_heating,-9.63904,0.12584,312.248,93.6744,2.94708
116,no_heating,-9.56409,0.125514,312.346,93.7038,2.97311
117,no_heating,-9.48934,0.125189,312.443,93.733,2.99915
118,no_heating,-9.41478,0.124867,312.54,93.762,3.0252
119,no_heating,-9.34043,0.124546,312.636,93.7908,3.05125
120,no_heating,-9.26627,0.124227,312.732,93.8195,3.07731
121,no_heating,-9.19231,0.123911,312.827,93.8481,3.10338
122,no_heating,-9.11854,0.123595,312.921,93.8764,3.12945
123,no_heating,-9.04496,0.123282,313.015,93.9046,3.15554
124,no_heating,-8.97157,0.122971,313.109,93.9327,3.18163
125,no_heating,-8.89838,0.122661,313.202,93.9605,3.20773
126,no_heating,-8.82538,0.122353,313.294,93.9883,3.23384
127,no_heating,-8.75256,0.122046,313.386,94.0158,3.25996
128,no_heating,-8.67993,0.121742,313.477,94.0432,3.28608
129,no_heating,-8.60749,0.121439,313.568,94.0705,3.31221
130,no_heating,-8.53523,0.121138,313.659,94.0976,3.33835
131,no_heating,-8.46316,0.120838,313.748,94.1245,3.36449
132,no_heating,-8.39128,0.120541,313.838,94.1513,3.39065
133,no_heating,-8.31957,0.120244,313.927,94.178,3.41681
134,no_heating,-8.24805,0.11995,314.015,94.2045,3.44297
135,no_heating,-8.1767,0.119657,314.103,94.2309,3.46915
136,no_heating,-8.10554,0.119366,314.19,94.2571,3.49533
137,no_heating,-8.03455,0.119076,314.277,94.2832,3.52152
138,no_heating,-7.96375,0.118788,314.364,94.3091,3.54772
139,no_heating,-7.89312,0.118501,314.45,94.3349,3.57392
140,no_heating,-7.82266,0.118216,314.535,94.3605,3.60013
141,no_heating,-7.75238,0.117933,314.62,94.3861,3.62635
142,no_heating,-7.68227,0.117651,314.705,94.4114,3.65258
143,no_heating,-7.61234,0.11737,314.789,94.4367,3.67881
144,no_heating,-7.54258,0.117091,314.873,94.4618,3.70505
145,no_heating,-7.47299,0.116814,314.956,94.4868,3.7313
146,no_heating,-7.40357,0.116538,315.039,94.5116,3.75755
147,no_heating,-7.33432,0.116263,315.121,94.5363,3.78381
148,no_heating,-7.26524,0.11599,315.203,94.5609,3.81008
149,no_heating,-7.19632,0.115719,315.284,94.5853,3.83635
150,no_heating,-7.12757,0.115449,315.365,94.6096,3.86263
151,no_heating,-7.05899,0.11518,315.446,94.6338,3.88892
152,no_heating,-6.99057,0.114912,315.526,94.6579,3.91521
153,no_heating,-6.92232,0.114646,315.606,94.6818,3.94151
154,no_heating,-6.85423,0.114382,315.685,94.7056,3.96782
155,no_heating,-6.7863,0.114119,315.764,94.7293,3.99413
156,no_heating,-6.71853,0.113857,315.843,94.7529,4.02045
157,no_heating,-6.65093,0.113596,315.921,94.7763,4.04678
158,no_heating,-6.58348,0.113337,315.999,94.7996,4.07311
159,no_heating,-6.5162,0.113079,316.076,94.8229,4.09945
160,no_heating,-6.44907,0.112823,316.153,94.8459,4.1258
161,no_heating,-6.3821,0.112568,316.23,94.8689,4.15215
162,no_heating,-6.31528,0.112314,316.306,94.8918,4.17851
163,no_heating,-6.24862,0.112061,316.382,94.9145,4.20488
164,no_heating,-6.18212,0.11181,316.457,94.9371,4.23125
165,no_heating,-6.11577,0.11156,316.532,94.9596,4.25762
166,no_heating,-6.04957,0.111311,316.607,94.982,4.28401
167,no_heating,-5.98353,0.111064,316.681,95.0043,4.3104
168,no_heating,-5.91764,0.110817,316.755,95.0264,4.33679
169,no_heating,-5.8519,0.110572,316.828,95.0485,4.3632
170,no_heating,-5.78631,0.110328,316.901,95.0704,4.38961
171,no_heating,-5.72087,0.110086,316.974,95.0923,4.41602
172,no_heating,-5.65558,0.109844,317.047,95.114,4.44244
173,no_heating,-5.59044,0.109604,317.119,95.1356,4.46887
174,no_heating,-5.52545,0.109365,317.191,95.1572,4.4953
175,no_heating,-5.4606,0.109127,317.262,95.1786,4.52174
176,no_heating,-5.3959,0.10889,317.333,95.1999,4.54818
177,no_heating,-5.33135,0.108655,317.404,95.2211,4.57463
178,no_heating,-5.26694,0.10842,317.474,95.2422,4.60109
179,no_heating,-5.20267,0.108187,317.544,95.2632,4.62755
180,no_heating,-5.13855,0.107955,317.613,95.284,4.65402
181,no_heating,-5.07457,0.107724,317.683,95.3048,4.68049
182,no_heating,-5.01073,0.107494,317.752,95.3255,4.70697
183,no_heating,-4.94703,0.107265,317.82,95.3461,4.73346
184,no_heating,-4.88347,0.107038,317.889,95.3666,4.75995
185,no_heating,-4.82006,0.106811,317.957,95.387,4.78644
186,no_heating,-4.75678,0.106586,318.024,95.4073,4.81295
187,no_heating,-4.69364,0.106361,318.092,95.4275,4.83945
188,no_heating,-4.63064,0.106138,318.159,95.4476,4.86597
189,no_heating,-4.56778,0.105915,318.225,95.4676,4.89249
190,no_heating,-4.50505,0.105694,318.292,95.4875,4.91901
191,no_heating,-4.44246,0.105474,318.358,95.5073,4.94554
192,no_heating,-4.38001,0.105255,318.424,95.5271,4.97208
193,no_heating,-4.31769,0.105037,318.489,95.5467,4.99862
194,no_heating,-4.2555,0.104819,318.554,95.5663,5.02516
195,no_heating,-4.19345,0.104603,318.619,95.5857,5.05171
196,no_heating,-4.13153,0.104388,318.684,95.6051,5.07827
197,no_heating,-4.06975,0.104174,318.748,95.6243,5.10483
198,no_heating,-4.00809,0.103961,318.812,95.6435,5.1314
199,no_heating,-3.94657,0.103749,318.875,95.6626,5.15797
200,no_heating,-3.88517,0.103538,318.939,95.6816,5.18455
201,no_heating,-3.82391,0.103327,319.002,95.7005,5.21114
202,no_heating,-3.76278,0.103118,319.065,95.7194,5.23772
203,no_heating,-3.70177,0.10291,319.127,95.7381,5.26432
204,no_heating,-3.6409,0.102703,319.189,95.7568,5.29092
205,no_heating,-3.58015,0.102496,319.251,95.7753,5.31752
206,no_heating,-3.51952,0.102291,319.313,95.7938,5.34413
207,no_heating,-3.45903,0.102086,319.374,95.8122,5.37075
208,no_heating,-3.39866,0.101883,319.435,95.8306,5.39736
209,no_heating,-3.33841,0.10168,319.496,95.8488,5.42399
210,no_heating,-3.2783,0.101478,319.557,95.867,5.45062
211,no_heating,-3.2183,0.101277,319.617,95.885,5.47725
212,no_heating,-3.15843,0.101077,319.677,95.903,5.50389
213,no_heating,-3.09868,0.100878,319.736,95.9209,5.53054
214,no_heating,-3.03905,0.10068,319.796,95.9388,5.55719
215,no_heating,-2.97955,0.100483,319.855,95.9565,5.58384
216,no_heating,-2.92017,0.100287,319.914,95.9742,5.6105
217,no_heating,-2.86091,0.100091,319.973,95.9918,5.63717
218,no_heating,-2.80177,0.0998963,320.031,96.0093,5.66384
219,no_heating,-2.74275,0.0997025,320.089,96.0268,5.69051
220,no_heating,-2.68385,0.0995095,320.147,96.0441,5.71719
221,no_heating,-2.62506,0.0993174,320.205,96.0614,5.74387
222,no_heating,-2.5664,0.0991261,320.262,96.0787,5.77056
223,no_heating,-2.50785,0.0989357,320.319,96.0958,5.79725
224,no_heating,-2.44943,0.098746,320.376,96.1129,5.82395
225,no_heating,-2.39111,0.0985572,320.433,96.1298,5.85066
226,no_heating,-2.33292,0.0983692,320.489,96.1468,5.87736
227,no_heating,-2.27484,0.0981821,320.545,96.1636,5.90407
228,no_heating,-2.21688,0.0979957,320.601,96.1804,5.93079
229,no_heating,-2.15903,0.0978101,320.657,96.1971,5.95751
230,no_heating,-2.10129,0.0976254,320.712,96.2137,5.98424
231,no_heating,-2.04367,0.0974414,320.768,96.2303,6.01097
232,no_heating,-1.98616,0.0972582,320.823,96.2468,6.0377
233,no_heating,-1.92877,0.0970758,320.877,96.2632,6.06444
234,no_heating,-1.87149,0.0968942,320.932,96.2795,6.09119
235,no_heating,-1.81432,0.0967133,320.986,96.2958,6.11794
236,no_heating,-1.75726,0.0965332,321.04,96.312,6.14469
237,no_heating,-1.70031,0.0963539,321.094,96.3282,6.17145
238,no_heating,-1.64348,0.0961753,321.147,96.3442,6.19821
239,no_heating,-1.58675,0.0959974,321.201,96.3602,6.22498
240,no_heating,-1.53013,0.0958203,321.254,96.3762,6.25175
241,no_heating,-1.47363,0.095644,321.307,96.392,6.27852
242,no_heating,-1.41723,0.0954684,321.359,96.4078,6.3053
243,no_heating,-1.36094,0.0952935,321.412,96.4236,6.33209
244,no_heating,-1.30476,0.0951194,321.464,96.4393,6.35888
245,no_heating,-1.24868,0.0949459,321.516,96.4549,6.38567
246,no_heating,-1.19272,0.0947732,321.568,96.4704,6.41247
247,no_heating,-1.13685,0.0946012,321.62,96.4859,6.43927
248,no_heating,-1.0811,0.0944299,321.671,96.5013,6.46608
249,no_heating,-1.02545,0.0942593,321.722,96.5167,6.49289
250,no_heating,-0.969907,0.0940894,321.773,96.5319,6.5197
251,no_heating,-0.914468,0.0939203,321.824,96.5472,6.54652
252,no_heating,-0.859134,0.0937518,321.874,96.5623,6.57334
253,no_heating,-0.803904,0.0935839,321.925,96.5774,6.60017
254,no_heating,-0.748777,0.0934168,321.975,96.5925,6.627
255,no_heating,-0.693754,0.0932503,322.025,96.6075,6.65384
256,no_heating,-0.638834,0.0930846,322.075,96.6224,6.68067
257,no_heating,-0.584015,0.0929195,322.124,96.6372,6.70752
258,no_heating,-0.529299,0.092755,322.173,96.652,6.73437
259,no_heating,-0.474685,0.0925912,322.223,96.6668,6.76122
260,no_heating,-0.420171,0.0924281,322.272,96.6815,6.78807
261,no_heating,-0.365759,0.0922656,322.32,96.6961,6.81493
262,no_heating,-0.311447,0.0921038,322.369,96.7107,6.8418
263,no_heating,-0.257234,0.0919426,322.417,96.7252,6.86867
264,no_heating,-0.203122,0.0917821,322.465,96.7396,6.89554
265,no_heating,-0.149108,0.0916222,322.513,96.754,6.92241
266,no_heating,-0.0951937,0.0914629,322.561,96.7683,6.94929
267,no_heating,-0.0413775,0.0913042,322.609,96.7826,6.97618
268,no_heating,0.0123406,0.0911462,322.656,96.7968,7.00307
269,no_heating,0.065961,0.0909888,322.703,96.811,7.02996
270,no_heating,0.119484,0.0908321,322.75,96.8251,7.05685
271,no_heating,0.17291,0.0906759,322.797,96.8392,7.08375
272,no_heating,0.22624,0.0905204,322.844,96.8532,7.11066
273,no_heating,0.279473,0.0903654,322.89,96.8671,7.13757
274,no_heating,0.332611,0.0902111,322.937,96.881,7.16448
275,no_heating,0.385653,0.0900573,322.983,96.8948,7.19139
276,no_heating,0.4386,0.0899042,323.029,96.9086,7.21831
277,no_heating,0.491453,0.0897516,323.075,96.9224,7.24523
278,no_heating,0.544211,0.0895997,323.12,96.936,7.27216
279,no_heating,0.596875,0.0894483,323.166,96.9497,7.29909
280,no_heating,0.649446,0.0892975,323.211,96.9632,7.32603
281,no_heating,0.701923,0.0891473,323.256,96.9767,7.35296
282,no_heating,0.754307,0.0889976,323.301,96.9902,7.37991
283,no_heating,0.806599,0.0888486,323.345,97.0036,7.40685
284,no_heating,0.858798,0.0887001,323.39,97.017,7.4338
285,no_heating,0.910906,0.0885521,323.434,97.0303,7.46075
286,no_heating,0.962922,0.0884048,323.479,97.0436,7.48771
287,no_heating,1.01485,0.088258,323.523,97.0568,7.51467
288,no_heating,1.06668,0.0881117,323.566,97.0699,7.54163
289,no_heating,1.11842,0.087966,323.61,97.0831,7.5686
290,no_heating,1.17008,0.0878208,323.654,97.0961,7.59557
291,no_heating,1.22164,0.0876762,323.697,97.1091,7.62255
292,no_heating,1.27311,0.0875321,323.74,97.1221,7.64952
293,no_heating,1.3245,0.0873886,323.783,97.135,7.67651
294,no_heating,1.3758,0.0872456,323.826,97.1479,7.70349
295,no_heating,1.427,0.0871032,323.869,97.1607,7.73048
296,no_heating,1.47812,0.0869612,323.912,97.1735,7.75747
297,no_heating,1.52915,0.0868198,323.954,97.1862,7.78447
298,no_heating,1.5801,0.086679,323.996,97.1989,7.81147
299,no_heating,1.63095,0.0865386,324.038,97.2115,7.83847
300,no_heating,1.68172,0.0863988,324.08,97.2241,7.86548
301,no_heating,1.73241,0.0862594,324.122,97.2367,7.89249
302,no_heating,1.783,0.0861206,324.164,97.2491,7.9195
303,no_heating,1.83351,0.0859823,324.205,97.2616,7.94652
304,no_heating,1.88394,0.0858445,324.247,97.274,7.97354
305,no_heating,1.93428,0.0857072,324.288,97.2863,8.00057
306,no_heating,1.98453,0.0855704,324.329,97.2987,8.02759
307,no_heating,2.0347,0.0854342,324.37,97.3109,8.05462
308,no_heating,2.08479,0.0852984,324.41,97.3231,8.08166
309,no_heating,2.13479,0.0851631,324.451,97.3353,8.1087
310,no_heating,2.18471,0.0850282,324.492,97.3475,8.13574
311,no_heating,2.23454,0.0848939,324.532,97.3595,8.16278
312,no_heating,2.28429,0.0847601,324.572,97.3716,8.18983
313,no_heating,2.33396,0.0846267,324.612,97.3836,8.21688
314,no_heating,2.38354,0.0844938,324.652,97.3956,8.24393
315,no_heating,2.43304,0.0843614,324.692,97.4075,8.27099
316,no_heating,2.48246,0.0842295,324.731,97.4193,8.29805
317,no_heating,2.5318,0.084098,324.771,97.4312,8.32512
318,no_heating,2.58106,0.083967,324.81,97.443,8.35218
319,no_heating,2.63024,0.0838365,324.849,97.4547,8.37925
320,no_heating,2.67933,0.0837065,324.888,97.4664,8.40633
321,no_heating,2.72835,0.0835769,324.927,97.4781,8.43341
322,no_heating,2.77728,0.0834477,324.966,97.4897,8.46049
323,no_heating,2.82613,0.083319,325.004,97.5013,8.48757
324,no_heating,2.87491,0.0831908,325.043,97.5128,8.51466
325,no_heating,2.9236,0.083063,325.081,97.5243,8.54175
326,no_heating,2.97222,0.0829357,325.119,97.5358,8.56884
327,no_heating,3.02075,0.0828088,325.157,97.5472,8.59594
328,no_heating,3.06921,0.0826823,325.195,97.5586,8.62304
329,no_heating,3.11759,0.0825563,325.233,97.5699,8.65014
330,no_heating,3.16589,0.0824308,325.271,97.5812,8.67725
331,no_heating,3.21411,0.0823057,325.308,97.5925,8.70435
332,no_heating,3.26226,0.082181,325.346,97.6037,8.73147
333,no_heating,3.31033,0.0820567,325.383,97.6149,8.75858
334,no_heating,3.35832,0.0819329,325.42,97.626,8.7857
335,no_heating,3.40623,0.0818095,325.457,97.6371,8.81282
336,no_heating,3.45407,0.0816865,325.494,97.6482,8.83995
337,no_heating,3.50183,0.0815639,325.531,97.6592,8.86707
338,no_heating,3.54952,0.0814418,325.567,97.6702,8.8942
339,no_heating,3.59712,0.0813201,325.604,97.6812,8.92134
340,no_heating,3.64466,0.0811988,325.64,97.6921,8.94847
341,no_heating,3.69212,0.0810779,325.677,97.703,8.97561
342,no_heating,3.7395,0.0809574,325.713,97.7138,9.00276
343,no_heating,3.78681,0.0808374,325.749,97.7246,9.0299
344,no_heating,3.83404,0.0807177,325.785,97.7354,9.05705
345,no_heating,3.8812,0.0805985,325.82,97.7461,9.0842
346,no_heating,3.92829,0.0804796,325.856,97.7568,9.11136
347,no_heating,3.9753,0.0803612,325.892,97.7675,9.13852
348,no_heating,4.02224,0.0802431,325.927,97.7781,9.16568
349,no_heating,4.0691,0.0801255,325.962,97.7887,9.19284
350,no_heating,4.11589,0.0800082,325.998,97.7993,9.22001
351,no_heating,4.16261,0.0798914,326.033,97.8098,9.24718
352,no_heating,4.20926,0.0797749,326.068,97.8203,9.27435
353,no_heating,4.25583,0.0796588,326.102,97.8307,9.30152
354,no_heating,4.30233,0.0795431,326.137,97.8411,9.3287
355,no_heating,4.34876,0.0794278,326.172,97.8515,9.35588
356,no_heating,4.39512,0.0793129,326.206,97.8618,9.38307
357,no_heating,4.44141,0.0791984,326.24,97.8721,9.41025
358,no_heating,4.48762,0.0790842,326.275,97.8824,9.43744
359,no_heating,4.53377,0.0789704,326.309,97.8927,9.46463
360,no_heating,4.57984,0.078857,326.343,97.9029,9.49183
361,no_heating,4.62584,0.078744,326.377,97.913,9.51903
362,no_heating,4.67178,0.0786313,326.411,97.9232,9.54623
363,no_heating,4.71764,0.078519,326.444,97.9333,9.57343
364,no_heating,4.76343,0.0784071,326.478,97.9434,9.60064
365,no_heating,4.80916,0.0782955,326.511,97.9534,9.62785
366,no_heating,4.85481,0.0781843,326.545,97.9634,9.65506
367,no_heating,4.9004,0.0780735,326.578,97.9734,9.68227
368,no_heating,4.94591,0.077963,326.611,97.9833,9.70949
369,no_heating,4.99136,0.0778529,326.644,97.9932,9.73671
370,no_heating,5.03674,0.0777431,326.677,98.0031,9.76394
371,no_heating,5.08205,0.0776337,326.71,98.013,9.79116
372,no_heating,5.12729,0.0775247,326.743,98.0228,9.81839
373,no_heating,5.17247,0.077416,326.775,98.0326,9.84562
374,no_heating,5.21757,0.0773076,326.808,98.0423,9.87286
375,no_heating,5.26261,0.0771996,326.84,98.052,9.90009
376,no_heating,5.30759,0.077092,326.872,98.0617,9.92733
377,no_heating,5.35249,0.0769847,326.905,98.0714,9.95457
378,no_heating,5.39733,0.0768777,326.937,98.081,9.98182
379,no_heating,5.4421,0.0767711,326.969,98.0906,10.0091
380,no_heating,5.48681,0.0766648,327.001,98.1002,10.0363
381,no_heating,5.53145,0.0765589,327.032,98.1097,10.0636
382,no_heating,5.57602,0.0764532,327.064,98.1192,10.0908
383,no_heating,5.62053,0.076348,327.096,98.1287,10.1181
384,no_heating,5.66497,0.076243,327.127,98.1381,10.1453
385,no_heating,5.70935,0.0761384,327.158,98.1475,10.1726
386,no_heating,5.75366,0.0760341,327.19,98.1569,10.1999
387,no_heating,5.79791,0.0759302,327.221,98.1663,10.2271
388,no_heating,5.84209,0.0758266,327.252,98.1756,10.2544
389,no_heating,5.88621,0.0757233,327.283,98.1849,10.2817
390,no_heating,5.93026,0.0756203,327.314,98.1942,10.309
391,no_heating,5.97425,0.0755176,327.345,98.2034,10.3362
392,no_heating,6.01817,0.0754153,327.375,98.2126,10.3635
393,no_heating,6.06204,0.0753133,327.406,98.2218,10.3908
394,no_heating,6.10583,0.0752116,327.437,98.231,10.4181
395,no_heating,6.14957,0.0751102,327.467,98.2401,10.4454
396,no_heating,6.19324,0.0750091,327.497,98.2492,10.4727
397,no_heating,6.23685,0.0749084,327.527,98.2582,10.5
398,no_heating,6.28039,0.0748079,327.558,98.2673,10.5273
399,no_heating,6.32388,0.0747078,327.588,98.2763,10.5546
400,no_heating,6.3673,0.074608,327.618,98.2853,10.5819
401,no_heating,6.41066,0.0745084,327.647,98.2942,10.6092
402,no_heating,6.45395,0.0744092,327.677,98.3032,10.6365
403,no_heating,6.49719,0.0743103,327.707,98.3121,10.6638
404,no_heating,6.54036,0.0742117,327.736,98.3209,10.6911
405,no_heating,6.58347,0.0741134,327.766,98.3298,10.7184
406,no_heating,6.62652,0.0740154,327.795,98.3386,10.7457
407,no_heating,6.66951,0.0739177,327.825,98.3474,10.773
408,no_heating,6.71244,0.0738203,327.854,98.3562,10.8004
409,no_heating,6.75531,0.0737232,327.883,98.3649,10.8277
410,no_heating,6.79811,0.0736264,327.912,98.3736,10.855
411,no_heating,6.84086,0.0735298,327.941,98.3823,10.8823
412,no_heating,6.88355,0.0734336,327.97,98.391,10.9097
413,no_heating,6.92617,0.0733376,327.999,98.3996,10.937
414,no_heating,6.96874,0.073242,328.027,98.4082,10.9643
415,no_heating,7.01125,0.0731466,328.056,98.4168,10.9917
416,no_heating,7.05369,0.0730515,328.085,98.4254,11.019
417,no_heating,7.09608,0.0729567,328.113,98.4339,11.0464
418,no_heating,7.13841,0.0728622,328.141,98.4424,11.0737
419,no_heating,7.18068,0.072768,328.17,98.4509,11.1011
420,no_heating,7.22289,0.072674,328.198,98.4593,11.1284
421,no_heating,7.26505,0.0725804,328.226,98.4678,11.1558
422,no_heating,7.30714,0.072487,328.254,98.4762,11.1831
423,no_heating,7.34918,0.0723939,328.282,98.4846,11.2105
424,no_heating,7.39115,0.072301,328.31,98.4929,11.2378
425,no_heating,7.43307,0.0722085,328.337,98.5012,11.2652
426,no_heating,7.47493,0.0721162,328.365,98.5095,11.2926
427,no_heating,7.51674,0.0720241,328.393,98.5178,11.3199
428,no_heating,7.55849,0.0719324,328.42,98.5261,11.3473
429,no_heating,7.60018,0.0718409,328.448,98.5343,11.3747
430,no_heating,7.64181,0.0717497,328.475,98.5425,11.402
431,no_heating,7.68338,0.0716588,328.502,98.5507,11.4294
432,no_heating,7.7249,0.0715681,328.53,98.5589,11.4568
433,no_heating,7.76636,0.0714777,328.557,98.567,11.4842
434,no_heating,7.80777,0.0713875,328.584,98.5751,11.5115
435,no_heating,7.84912,0.0712976,328.611,98.5832,11.5389
436,no_heating,7.89041,0.071208,328.638,98.5913,11.5663
437,no_heating,7.93165,0.0711187,328.664,98.5993,11.5937
438,no_heating,7.97283,0.0710295,328.691,98.6073,11.6211
439,no_heating,8.01396,0.0709407,328.718,98.6153,11.6485
440,no_heating,8.05503,0.0708521,328.744,98.6233,11.6759
441,no_heating,8.09604,0.0707638,328.771,98.6313,11.7033
442,no_heating,8.137,0.0706757,328.797,98.6392,11.7307
443,no_heating,8.17791,0.0705879,328.824,98.6471,11.7581
444,no_heating,8.21876,0.0705003,328.85,98.655,11.7855
445,no_heating,8.25955,0.070413,328.876,98.6628,11.8129
446,no_heating,8.30029,0.0703259,328.902,98.6707,11.8403
447,no_heating,8.34098,0.0702391,328.928,98.6785,11.8677
448,no_heating,8.38161,0.0701525,328.954,98.6863,11.8951
449,no_heating,8.42219,0.0700662,328.98,98.694,11.9225
450,no_heating,8.46271,0.0699801,329.006,98.7018,11.95
451,no_heating,8.50318,0.0698942,329.032,98.7095,11.9774
452,no_heating,8.5436,0.0698086,329.057,98.7172,12.0048
453,no_heating,8.58396,0.0697233,329.083,98.7249,12.0322
454,no_heating,8.62427,0.0696382,329.109,98.7326,12.0596
455,no_heating,8.66453,0.0695533,329.134,98.7402,12.0871
456,no_heating,8.70473,0.0694687,329.159,98.7478,12.1145
457,no_heating,8.74488,0.0693843,329.185,98.7554,12.1419
458,no_heating,8.78498,0.0693001,329.21,98.763,12.1694
459,no_heating,8.82502,0.0692162,329.235,98.7705,12.1968
460,no_heating,8.86502,0.0691325,329.26,98.7781,12.2242
461,no_heating,8.90496,0.069049,329.285,98.7856,12.2517
462,no_heating,8.94484,0.0689658,329.31,98.7931,12.2791
463,no_heating,8.98468,0.0688828,329.335,98.8005,12.3066
464,no_heating,9.02446,0.0688001,329.36,98.808,12.334
465,no_heating,9.0642,0.0687175,329.385,98.8154,12.3615
466,no_heating,9.10388,0.0686352,329.409,98.8228,12.3889
467,no_heating,9.14351,0.0685532,329.434,98.8302,12.4164
468,no_heating,9.18308,0.0684713,329.459,98.8376,12.4438
469,no_heating,9.22261,0.0683897,329.483,98.8449,12.4713
470,no_heating,9.26208,0.0683083,329.508,98.8523,12.4987
471,no_heating,9.30151,0.0682272,329.532,98.8596,12.5262
472,no_heating,9.34088,0.0681462,329.556,98.8668,12.5537
473,no_heating,9.38021,0.0680655,329.58,98.8741,12.5811
474,no_heating,9.41948,0.067985,329.604,98.8813,12.6086
475,no_heating,9.4587,0.0679047,329.629,98.8886,12.6361
476,no_heating,9.49787,0.0678247,329.653,98.8958,12.6635
477,no_heating,9.53699,0.0677448,329.677,98.903,12.691
478,no_heating,9.57606,0.0676652,329.7,98.9101,12.7185
479,no_heating,9.61509,0.0675858,329.724,98.9173,12.746
480,no_heating,9.65406,0.0675066,329.748,98.9244,12.7734
481,no_heating,9.69298,0.0674276,329.772,98.9315,12.8009
482,no_heating,9.73185,0.0673489,329.795,98.9386,12.8284
483,no_heating,9.77068,0.0672703,329.819,98.9457,12.8559
484,no_heating,9.80945,0.067192,329.842,98.9527,12.8834
485,no_heating,9.84818,0.0671139,329.866,98.9598,12.9109
486,no_heating,9.88685,0.067036,329.889,98.9668,12.9384
487,no_heating,9.92548,0.0669583,329.913,98.9738,12.9659
488,no_heating,9.96406,0.0668808,329.936,98.9807,12.9933
489,no_heating,10.0026,0.0668035,329.959,98.9877,13.0208
490,no_heating,10.0411,0.0667264,329.982,98.9946,13.0483
491,no_heating,10.0795,0.0666495,330.005,99.0015,13.0758
492,no_heating,10.1179,0.0665729,330.028,99.0084,13.1033
493,no_heating,10.1562,0.0664964,330.051,99.0153,13.1308
494,no_heating,10.1945,0.0664202,330.074,99.0222,13.1584
495,no_heating,10.2328,0.0663441,330.097,99.029,13.1859
496,no_heating,10.271,0.0662683,330.12,99.0359,13.2134
497,no_heating,10.3091,0.0661926,330.142,99.0427,13.2409
498,no_heating,10.3472,0.0661172,330.165,99.0495,13.2684
499,no_heating,10.3853,0.0660419,330.187,99.0562,13.2959
500,no_heating,10.4233,0.0659669,330.21,99.063,13.3234
501,no_heating,10.4612,0.065892,330.232,99.0697,13.351
502,no_heating,10.4991,0.0658173,330.255,99.0764,13.3785
503,no_heating,10.537,0.0657429,330.277,99.0831,13.406
504,no_heating,10.5748,0.0656686,330.299,99.0898,13.4335
505,no_heating,10.6126,0.0655946,330.322,99.0965,13.461
506,no_heating,10.6503,0.0655207,330.344,99.1031,13.4886
507,no_heating,10.688,0.065447,330.366,99.1098,13.5161
508,no_heating,10.7256,0.0653735,330.388,99.1164,13.5436
509,no_heating,10.7632,0.0653002,330.41,99.123,13.5712
510,no_heating,10.8007,0.0652271,330.432,99.1296,13.5987
511,no_heating,10.8382,0.0651542,330.454,99.1361,13.6262
512,no_heating,10.8757,0.0650815,330.476,99.1427,13.6538
513,no_heating,10.9131,0.0650089,330.497,99.1492,13.6813
514,no_heating,10.9504,0.0649366,330.519,99.1557,13.7089
515,no_heating,10.9877,0.0648644,330.541,99.1622,13.7364
516,no_heating,11.025,0.0647924,330.562,99.1687,13.764
517,no_heating,11.0622,0.0647207,330.584,99.1751,13.7915
518,no_heating,11.0994,0.0646491,330.605,99.1816,13.8191
519,no_heating,11.1365,0.0645776,330.627,99.188,13.8466
520,no_heating,11.1736,0.0645064,330.648,99.1944,13.8742
521,no_heating,11.2107,0.0644353,330.669,99.2008,13.9017
522,no_heating,11.2477,0.0643645,330.691,99.2072,13.9293
523,no_heating,11.2846,0.0642938,330.712,99.2136,13.9568
524,no_heating,11.3215,0.0642233,330.733,99.2199,13.9844
525,no_heating,11.3584,0.0641529,330.754,99.2262,14.012
526,no_heating,11.3952,0.0640828,330.775,99.2325,14.0395
527,no_heating,11.432,0.0640128,330.796,99.2388,14.0671
528,no_heating,11.4687,0.063943,330.817,99.2451,14.0947
529,no_heating,11.5054,0.0638734,330.838,99.2514,14.1222
530,no_heating,11.542,0.063804,330.859,99.2576,14.1498
531,no_heating,11.5786,0.0637347,330.88,99.2639,14.1774
532,no_heating,11.6152,0.0636656,330.9,99.2701,14.205
533,no_heating,11.6517,0.0635967,330.921,99.2763,14.2325
534,no_heating,11.6882,0.063528,330.942,99.2825,14.2601
535,no_heating,11.7246,0.0634594,330.962,99.2887,14.2877
536,no_heating,11.761,0.063391,330.983,99.2948,14.3153
537,no_heating,11.7973,0.0633228,331.003,99.301,14.3429
538,no_heating,11.8336,0.0632547,331.024,99.3071,14.3704
539,no_heating,11.8699,0.0631868,331.044,99.3132,14.398
540,no_heating,11.9061,0.0631191,331.064,99.3193,14.4256
541,no_heating,11.9423,0.0630516,331.085,99.3254,14.4532
542,no_heating,11.9784,0.0629842,331.105,99.3314,14.4808
543,no_heating,12.0145,0.062917,331.125,99.3375,14.5084
544,no_heating,12.0505,0.06285,331.145,99.3435,14.536
545,no_heating,12.0865,0.0627831,331.165,99.3495,14.5636
546,no_heating,12.1225,0.0627164,331.185,99.3555,14.5912
547,no_heating,12.1584,0.0626498,331.205,99.3615,14.6188
548,no_heating,12.1943,0.0625835,331.225,99.3675,14.6464
549,no_heating,12.2301,0.0625173,331.245,99.3734,14.674
550,no_heating,12.2659,0.0624512,331.265,99.3794,14.7016
551,no_heating,12.3016,0.0623853,331.284,99.3853,14.7292
552,no_heating,12.3374,0.0623196,331.304,99.3912,14.7568
553,no_heating,12.373,0.062254,331.324,99.3971,14.7844
554,no_heating,12.4087,0.0621886,331.343,99.403,14.812
555,no_heating,12.4442,0.0621234,331.363,99.4089,14.8396
556,no_heating,12.4798,0.0620583,331.383,99.4148,14.8673
557,no_heating,12.5153,0.0619934,331.402,99.4206,14.8949
558,no_heating,12.5507,0.0619286,331.421,99.4264,14.9225
559,no_heating,12.5862,0.061864,331.441,99.4322,14.9501
560,no_heating,12.6215,0.0617996,331.46,99.438,14.9777
561,no_heating,12.6569,0.0617353,331.479,99.4438,15.0054
562,no_heating,12.6922,0.0616711,331.499,99.4496,15.033
563,no_heating,12.7274,0.0616072,331.518,99.4554,15.0606
564,no_heating,12.7627,0.0615433,331.537,99.4611,15.0882
565,no_heating,12.7978,0.0614797,331.556,99.4668,15.1159
566,no_heating,12.833,0.0614162,331.575,99.4725,15.1435
567,no_heating,12.8681,0.0613528,331.594,99.4782,15.1711
568,no_heating,12.9031,0.0612896,331.613,99.4839,15.1988
569,no_heating,12.9382,0.0612265,331.632,99.4896,15.2264
570,no_heating,12.9731,0.0611636,331.651,99.4953,15.254
571,no_heating,13.0081,0.0611009,331.67,99.5009,15.2817
572,no_heating,13.043,0.0610383,331.689,99.5066,15.3093
573,no_heating,13.0778,0.0609758,331.707,99.5122,15.337
574,no_heating,13.1127,0.0609135,331.726,99.5178,15.3646
575,no_heating,13.1474,0.0608513,331.745,99.5234,15.3923
576,no_heating,13.1822,0.0607893,331.763,99.529,15.4199
577,no_heating,13.2169,0.0607275,331.782,99.5345,15.4475
578,no_heating,13.2516,0.0606658,331.8,99.5401,15.4752
579,no_heating,13.2862,0.0606042,331.819,99.5456,15.5029
580,no_heating,13.3208,0.0605428,331.837,99.5512,15.5305
581,no_heating,13.3553,0.0604815,331.856,99.5567,15.5582
582,no_heating,13.3898,0.0604204,331.874,99.5622,15.5858
583,no_heating,13.4243,0.0603594,331.892,99.5677,15.6135
584,no_heating,13.4587,0.0602985,331.91,99.5731,15.6411
585,no_heating,13.4931,0.0602378,331.929,99.5786,15.6688
586,no_heating,13.5275,0.0601773,331.947,99.584,15.6965
587,no_heating,13.5618,0.0601169,331.965,99.5895,15.7241
588,no_heating,13.5961,0.0600566,331.983,99.5949,15.7518
589,no_heating,13.6303,0.0599965,332.001,99.6003,15.7794
590,no_heating,13.6645,0.0599365,332.019,99.6057,15.8071
591,no_heating,13.6987,0.0598767,332.037,99.6111,15.8348
592,no_heating,13.7328,0.0598169,332.055,99.6165,15.8625
593,no_heating,13.7669,0.0597574,332.073,99.6218,15.8901
594,no_heating,13.801,0.0596979,332.091,99.6272,15.9178
595,no_heating,13.835,0.0596387,332.108,99.6325,15.9455
596,no_heating,13.869,0.0595795,332.126,99.6378,15.9732
597,no_heating,13.9029,0.0595205,332.144,99.6432,16.0008
598,no_heating,13.9368,0.0594616,332.162,99.6485,16.0285
599,no_heating,13.9707,0.0594029,332.179,99.6537,16.0562
600,no_heating,14.0045,0.0593443,332.197,99.659,16.0839
0,self_heating,-20,0.182845,295.146,85.5439,0.0237622
1,self_heating,-19.8703,0.181958,295.413,85.6238,0.0475466
2,self_heating,-19.7411,0.181079,295.676,85.7029,0.0713529
3,self_heating,-19.6125,0.180209,295.937,85.7812,0.095181
4,self_heating,-19.4844,0.179348,296.196,85.8587,0.119031
5,self_heating,-19.3568,0.178495,296.452,85.9355,0.142902
6,self_heating,-19.2297,0.17765,296.705,86.0115,0.166794
7,self_heating,-19.1032,0.176814,296.956,86.0868,0.190707
8,self_heating,-18.9772,0.175985,297.204,86.1613,0.21464
9,self_heating,-18.8516,0.175165,297.45,86.2351,0.238595
10,self_heating,-18.7266,0.174353,297.694,86.3083,0.262569
11,self_heating,-18.602,0.173548,297.936,86.3807,0.286564
12,self_heating,-18.478,0.172751,298.175,86.4524,0.310578
13,self_heating,-18.3544,0.171961,298.412,86.5235,0.334613
14,self_heating,-18.2313,0.171179,298.646,86.5939,0.358667
15,self_heating,-18.1087,0.170404,298.879,86.6636,0.38274
16,self_heating,-17.9866,0.169637,299.109,86.7327,0.406832
17,self_heating,-17.8649,0.168876,299.337,86.8012,0.430944
18,self_heating,-17.7437,0.168123,299.563,86.869,0.455074
19,self_heating,-17.6229,0.167376,299.787,86.9362,0.479223
20,self_heating,-17.5026,0.166636,300.009,87.0028,0.50339
21,self_heating,-17.3828,0.165903,300.229,87.0687,0.527576
22,self_heating,-17.2634,0.165176,300.447,87.1341,0.55178
23,self_heating,-17.1444,0.164456,300.663,87.1989,0.576002
24,self_heating,-17.0259,0.163743,300.877,87.2631,0.600242
25,self_heating,-16.9078,0.163036,301.089,87.3268,0.624499
26,self_heating,-16.7902,0.162335,301.3,87.3899,0.648774
27,self_heating,-16.6729,0.16164,301.508,87.4524,0.673066
28,self_heating,-16.5561,0.160951,301.715,87.5144,0.697376
29,self_heating,-16.4397,0.160269,301.919,87.5758,0.721702
30,self_heating,-16.3238,0.159592,302.122,87.6367,0.746046
31,self_heating,-16.2082,0.158921,302.324,87.6971,0.770406
32,self_heating,-16.0931,0.158256,302.523,87.757,0.794783
33,self_heating,-15.9783,0.157597,302.721,87.8163,0.819177
34,self_heating,-15.864,0.156943,302.917,87.8752,0.843586
35,self_heating,-15.75,0.156295,303.112,87.9335,0.868012
36,self_heating,-15.6365,0.155652,303.304,87.9913,0.892454
37,self_heating,-15.5233,0.155014,303.496,88.0487,0.916912
38,self_heating,-15.4105,0.154382,303.685,88.1056,0.941386
39,self_heating,-15.2982,0.153756,303.873,88.162,0.965876
40,self_heating,-15.1862,0.153134,304.06,88.2179,0.990381
41,self_heating,-15.0745,0.152518,304.245,88.2734,1.0149
42,self_heating,-14.9633,0.151906,304.428,88.3284,1.03944
43,self_heating,-14.8524,0.1513,304.61,88.383,1.06399
44,self_heating,-14.7419,0.150699,304.79,88.4371,1.08855
45,self_heating,-14.6318,0.150102,304.969,88.4908,1.11313
46,self_heating,-14.522,0.14951,305.147,88.5441,1.13773
47,self_heating,-14.4126,0.148924,305.323,88.5969,1.16234
48,self_heating,-14.3035,0.148341,305.498,88.6493,1.18696
49,self_heating,-14.1948,0.147764,305.671,88.7013,1.2116
50,self_heating,-14.0865,0.147191,305.843,88.7528,1.23626
51,self_heating,-13.9785,0.146622,306.013,88.804,1.26093
52,self_heating,-13.8708,0.146058,306.182,88.8547,1.28561
53,self_heating,-13.7635,0.145499,306.35,88.9051,1.3103
54,self_heating,-13.6565,0.144944,306.517,88.9551,1.33501
55,self_heating,-13.5499,0.144393,306.682,89.0046,1.35974
56,self_heating,-13.4436,0.143846,306.846,89.0538,1.38447
57,self_heating,-13.3377,0.143304,307.009,89.1027,1.40922
58,self_heating,-13.232,0.142766,307.17,89.1511,1.43399
59,self_heating,-13.1267,0.142232,307.331,89.1992,1.45877
60,self_heating,-13.0218,0.141702,307.49,89.2469,1.48356
61,self_heating,-12.9171,0.141176,307.647,89.2942,1.50836
62,self_heating,-12.8128,0.140654,307.804,89.3412,1.53318
63,self_heating,-12.7088,0.140136,307.959,89.3878,1.55801
64,self_heating,-12.6051,0.139621,308.114,89.4341,1.58285
65,self_heating,-12.5017,0.139111,308.267,89.48,1.60771
66,self_heating,-12.3986,0.138604,308.419,89.5256,1.63257
67,self_heating,-12.2959,0.138102,308.57,89.5709,1.65746
68,self_heating,-12.1934,0.137603,308.719,89.6158,1.68235
69,self_heating,-12.0913,0.137107,308.868,89.6604,1.70725
70,self_heating,-11.9894,0.136615,309.015,89.7046,1.73217
71,self_heating,-11.8879,0.136127,309.162,89.7486,1.7571
72,self_heating,-11.7867,0.135642,309.307,89.7922,1.78204
73,self_heating,-11.6857,0.135161,309.452,89.8355,1.807
74,self_heating,-11.5851,0.134684,309.595,89.8785,1.83196
75,self_heating,-11.4847,0.134209,309.737,89.9212,1.85694
76,self_heating,-11.3846,0.133739,309.878,89.9635,1.88193
77,self_heating,-11.2848,0.133271,310.019,90.0056,1.90693
78,self_heating,-11.1853,0.132807,310.158,90.0474,1.93195
79,self_heating,-11.0861,0.132346,310.296,90.0889,1.95697
80,self_heating,-10.9872,0.131888,310.434,90.1301,1.98201
81,self_heating,-10.8885,0.131434,310.57,90.171,2.00706
82,self_heating,-10.7902,0.130983,310.705,90.2116,2.03211
83,self_heating,-10.6921,0.130534,310.84,90.2519,2.05718
84,self_heating,-10.5942,0.130089,310.973,90.292,2.08227
85,self_heating,-10.4967,0.129647,311.106,90.3317,2.10736
86,self_heating,-10.3994,0.129209,311.237,90.3712,2.13246
87,self_heating,-10.3024,0.128773,311.368,90.4105,2.15758
88,self_heating,-10.2057,0.12834,311.498,90.4494,2.1827
89,self_heating,-10.1092,0.12791,311.627,90.4881,2.20784
90,self_heating,-10.013,0.127483,311.755,90.5265,2.23298
91,self_heating,-9.917,0.127059,311.882,90.5647,2.25814
92,self_heating,-9.8213,0.126637,312.009,90.6026,2.28331
93,self_heating,-9.72586,0.126219,312.134,90.6403,2.30848
94,self_heating,-9.63068,0.125803,312.259,90.6777,2.33367
95,self_heating,-9.53575,0.125391,312.383,90.7149,2.35887
96,self_heating,-9.44107,0.12498,312.506,90.7518,2.38408
97,self_heating,-9.34665,0.124573,312.628,90.7884,2.4093
98,self_heating,-9.25247,0.124168,312.75,90.8249,2.43453
99,self_heating,-9.15855,0.123766,312.87,90.861,2.45977
100,self_heating,-9.06486,0.123367,312.99,90.897,2.48502
101,self_heating,-8.97143,0.12297,313.109,90.9327,2.51028
102,self_heating,-8.87823,0.122576,313.227,90.9682,2.53554
103,self_heating,-8.78528,0.122184,313.345,91.0034,2.56082
104,self_heating,-8.69257,0.121795,313.462,91.0385,2.58611
105,self_heating,-8.60009,0.121408,313.578,91.0733,2.61141
106,self_heating,-8.50786,0.121024,313.693,91.1078,2.63672
107,self_heating,-8.41586,0.120642,313.807,91.1422,2.66203
108,self_heating,-8.32409,0.120263,313.921,91.1763,2.68736
109,self_heating,-8.23255,0.119886,314.034,91.2102,2.7127
110,self_heating,-8.14125,0.119512,314.146,91.2439,2.73804
111,self_heating,-8.05017,0.11914,314.258,91.2774,2.7634
112,self_heating,-7.95933,0.11877,314.369,91.3107,2.78876
113,self_heating,-7.86871,0.118402,314.479,91.3438,2.81413
114,self_heating,-7.77831,0.118037,314.589,91.3767,2.83952
115,self_heating,-7.68814,0.117674,314.698,91.4093,2.86491
116,self_heating,-7.5982,0.117314,314.806,91.4418,2.89031
117,self_heating,-7.50847,0.116955,314.913,91.474,2.91572
118,self_heating,-7.41896,0.116599,315.02,91.5061,2.94114
119,self_heating,-7.32967,0.116245,315.126,91.5379,2.96656
120,self_heating,-7.2406,0.115893,315.232,91.5696,2.992
121,self_heating,-7.15175,0.115543,315.337,91.6011,3.01745
122,self_heating,-7.06311,0.115196,315.441,91.6324,3.0429
123,self_heating,-6.97468,0.11485,315.545,91.6635,3.06836
124,self_heating,-6.88646,0.114507,315.648,91.6944,3.09383
125,self_heating,-6.79846,0.114166,315.75,91.7251,3.11931
126,self_heating,-6.71066,0.113827,315.852,91.7556,3.1448
127,self_heating,-6.62308,0.113489,315.953,91.786,3.17029
128,self_heating,-6.5357,0.113154,316.054,91.8161,3.1958
129,self_heating,-6.44852,0.112821,316.154,91.8461,3.22131
130,self_heating,-6.36155,0.11249,316.253,91.8759,3.24683
131,self_heating,-6.27478,0.11216,316.352,91.9056,3.27236
132,self_heating,-6.18822,0.111833,316.45,91.935,3.2979
133,self_heating,-6.10186,0.111508,316.548,91.9643,3.32345
134,self_heating,-6.01569,0.111184,316.645,91.9934,3.349
135,self_heating,-5.92973,0.110862,316.741,92.0224,3.37456
136,self_heating,-5.84396,0.110543,316.837,92.0512,3.40013
137,self_heating,-5.75839,0.110225,316.933,92.0798,3.42571
138,self_heating,-5.67302,0.109909,317.027,92.1082,3.45129
139,self_heating,-5.58784,0.109594,317.122,92.1365,3.47689
140,self_heating,-5.50285,0.109282,317.215,92.1646,3.50249
141,self_heating,-5.41805,0.108971,317.309,92.1926,3.5281
142,self_heating,-5.33345,0.108663,317.401,92.2204,3.55371
143,self_heating,-5.24903,0.108355,317.493,92.248,3.57934
144,self_heating,-5.1648,0.10805,317.585,92.2755,3.60497
145,self_heating,-5.08077,0.107746,317.676,92.3028,3.63061
146,self_heating,-4.99691,0.107444,317.767,92.33,3.65626
147,self_heating,-4.91325,0.107144,317.857,92.357,3.68191
148,self_heating,-4.82977,0.106846,317.946,92.3839,3.70757
149,self_heating,-4.74647,0.106549,318.035,92.4106,3.73324
150,self_heating,-4.66335,0.106254,318.124,92.4372,3.75892
151,self_heating,-4.58042,0.10596,318.212,92.4636,3.78461
152,self_heating,-4.49766,0.105668,318.3,92.4899,3.8103
153,self_heating,-4.41509,0.105378,318.387,92.516,3.836
154,self_heating,-4.33269,0.105089,318.473,92.542,3.8617
155,self_heating,-4.25048,0.104802,318.559,92.5678,3.88742
156,self_heating,-4.16843,0.104516,318.645,92.5935,3.91314
157,self_heating,-4.08657,0.104232,318.73,92.6191,3.93886
158,self_heating,-4.00488,0.10395,318.815,92.6445,3.9646
159,self_heating,-3.92336,0.103669,318.899,92.6698,3.99034
160,self_heating,-3.84202,0.103389,318.983,92.6949,4.01609
161,self_heating,-3.76085,0.103112,319.067,92.72,4.04184
162,self_heating,-3.67985,0.102835,319.149,92.7448,4.06761
163,self_heating,-3.59901,0.10256,319.232,92.7696,4.09338
164,self_heating,-3.51835,0.102287,319.314,92.7942,4.11915
165,self_heating,-3.43786,0.102015,319.396,92.8187,4.14493
166,self_heating,-3.35753,0.101744,319.477,92.843,4.17072
167,self_heating,-3.27738,0.101475,319.557,92.8672,4.19652
168,self_heating,-3.19738,0.101208,319.638,92.8913,4.22232
169,self_heating,-3.11755,0.100941,319.718,92.9153,4.24813
170,self_heating,-3.03789,0.100676,319.797,92.9391,4.27395
171,self_heating,-2.95839,0.100413,319.876,92.9628,4.29977
172,self_heating,-2.87905,0.100151,319.955,92.9864,4.3256
173,self_heating,-2.79987,0.0998901,320.033,93.0099,4.35144
174,self_heating,-2.72086,0.0996307,320.111,93.0332,4.37728
175,self_heating,-2.642,0.0993727,320.188,93.0565,4.40313
176,self_heating,-2.5633,0.099116,320.265,93.0796,4.42899
177,self_heating,-2.48476,0.0988607,320.342,93.1025,4.45485
178,self_heating,-2.40638,0.0986066,320.418,93.1254,4.48072
179,self_heating,-2.32815,0.0983539,320.494,93.1482,4.50659
180,self_heating,-2.25008,0.0981024,320.569,93.1708,4.53247
181,self_heating,-2.17217,0.0978523,320.644,93.1933,4.55836
182,self_heating,-2.09441,0.0976034,320.719,93.2157,4.58425
183,self_heating,-2.0168,0.0973557,320.793,93.238,4.61015
184,self_heating,-1.93935,0.0971094,320.867,93.2602,4.63606
185,self_heating,-1.86204,0.0968643,320.941,93.2822,4.66197
186,self_heating,-1.78489,0.0966204,321.014,93.3042,4.68789
187,self_heating,-1.70789,0.0963777,321.087,93.326,4.71381
188,self_heating,-1.63104,0.0961362,321.159,93.3477,4.73974
189,self_heating,-1.55434,0.095896,321.231,93.3694,4.76568
190,self_heating,-1.47779,0.095657,321.303,93.3909,4.79162
191,self_heating,-1.40138,0.0954191,321.374,93.4123,4.81757
192,self_heating,-1.32512,0.0951824,321.445,93.4336,4.84352
193,self_heating,-1.24901,0.0949469,321.516,93.4548,4.86948
194,self_heating,-1.17304,0.0947126,321.586,93.4759,4.89544
195,self_heating,-1.09721,0.0944794,321.656,93.4969,4.92142
196,self_heating,-1.02153,0.0942473,321.726,93.5177,4.94739
197,self_heating,-0.945999,0.0940164,321.795,93.5385,4.97338
198,self_heating,-0.870605,0.0937867,321.864,93.5592,4.99936
199,self_heating,-0.795353,0.093558,321.933,93.5798,5.02536
200,self_heating,-0.720243,0.0933304,322.001,93.6003,5.05136
201,self_heating,-0.645273,0.093104,322.069,93.6206,5.07736
202,self_heating,-0.570443,0.0928786,322.136,93.6409,5.10338
203,self_heating,-0.495752,0.0926544,322.204,93.6611,5.12939
204,self_heating,-0.421199,0.0924312,322.271,93.6812,5.15542
205,self_heating,-0.346785,0.092209,322.337,93.7012,5.18144
206,self_heating,-0.272507,0.091988,322.404,93.7211,5.20748
207,self_heating,-0.198367,0.091768,322.47,93.7409,5.23352
208,self_heating,-0.124362,0.091549,322.535,93.7606,5.25956
209,self_heating,-0.0504927,0.0913311,322.601,93.7802,5.28561
210,self_heating,0.0232419,0.0911142,322.666,93.7997,5.31167
211,self_heating,0.0968426,0.0908983,322.73,93.8191,5.33773
212,self_heating,0.17031,0.0906835,322.795,93.8385,5.36379
213,self_heating,0.243644,0.0904697,322.859,93.8577,5.38987
214,self_heating,0.316846,0.0902568,322.923,93.8769,5.41594
215,self_heating,0.389917,0.090045,322.987,93.896,5.44202
216,self_heating,0.462856,0.0898341,323.05,93.9149,5.46811
217,self_heating,0.535665,0.0896243,323.113,93.9338,5.4942
218,self_heating,0.608345,0.0894154,323.175,93.9526,5.5203
219,self_heating,0.680895,0.0892074,323.238,93.9713,5.54641
220,self_heating,0.753316,0.0890005,323.3,93.99,5.57251
221,self_heating,0.82561,0.0887945,323.362,94.0085,5.59863
222,self_heating,0.897776,0.0885894,323.423,94.027,5.62475
223,self_heating,0.969815,0.0883853,323.484,94.0453,5.65087
224,self_heating,1.04173,0.0881821,323.545,94.0636,5.677
225,self_heating,1.11351,0.0879798,323.606,94.0818,5.70313
226,self_heating,1.18518,0.0877785,323.666,94.0999,5.72927
227,self_heating,1.25671,0.087578,323.727,94.118,5.75542
228,self_heating,1.32813,0.0873785,323.786,94.1359,5.78156
229,self_heating,1.39942,0.0871799,323.846,94.1538,5.80772
230,self_heating,1.47058,0.0869821,323.905,94.1716,5.83388
231,self_heating,1.54163,0.0867853,323.964,94.1893,5.86004
232,self_heating,1.61255,0.0865894,324.023,94.207,5.88621
233,self_heating,1.68335,0.0863943,324.082,94.2245,5.91238
234,self_heating,1.75403,0.0862001,324.14,94.242,5.93856
235,self_heating,1.82459,0.0860067,324.198,94.2594,5.96474
236,self_heating,1.89503,0.0858142,324.256,94.2767,5.99093
237,self_heating,1.96535,0.0856226,324.313,94.294,6.01712
238,self_heating,2.03555,0.0854318,324.37,94.3111,6.04332
239,self_heating,2.10564,0.0852419,324.427,94.3282,6.06952
240,self_heating,2.1756,0.0850528,324.484,94.3452,6.09573
241,self_heating,2.24545,0.0848645,324.541,94.3622,6.12194
242,self_heating,2.31518,0.0846771,324.597,94.3791,6.14816
243,self_heating,2.3848,0.0844905,324.653,94.3959,6.17438
244,self_heating,2.4543,0.0843046,324.709,94.4126,6.20061
245,self_heating,2.52369,0.0841196,324.764,94.4292,6.22684
246,self_heating,2.59296,0.0839354,324.819,94.4458,6.25307
247,self_heating,2.66211,0.083752,324.874,94.4623,6.27931
248,self_heating,2.73116,0.0835694,324.929,94.4788,6.30556
249,self_heating,2.80009,0.0833876,324.984,94.4951,6.3318
250,self_heating,2.8689,0.0832066,325.038,94.5114,6.35806
251,self_heating,2.93761,0.0830263,325.092,94.5276,6.38431
252,self_heating,3.0062,0.0828468,325.146,94.5438,6.41058
253,self_heating,3.07468,0.0826681,325.2,94.5599,6.43684
254,self_heating,3.14305,0.0824901,325.253,94.5759,6.46311
255,self_heating,3.21131,0.0823129,325.306,94.5918,6.48939
256,self_heating,3.27946,0.0821365,325.359,94.6077,6.51567
257,self_heating,3.3475,0.0819608,325.412,94.6235,6.54195
258,self_heating,3.41543,0.0817858,325.464,94.6393,6.56824
259,self_heating,3.48325,0.0816116,325.517,94.655,6.59454
260,self_heating,3.55097,0.0814381,325.569,94.6706,6.62083
261,self_heating,3.61857,0.0812653,325.62,94.6861,6.64714
262,self_heating,3.68607,0.0810933,325.672,94.7016,6.67344
263,self_heating,3.75347,0.080922,325.723,94.717,6.69975
264,self_heating,3.82075,0.0807514,325.775,94.7324,6.72607
265,self_heating,3.88793,0.0805815,325.826,94.7477,6.75239
266,self_heating,3.95501,0.0804123,325.876,94.7629,6.77871
267,self_heating,4.02198,0.0802438,325.927,94.7781,6.80504
268,self_heating,4.08884,0.080076,325.977,94.7932,6.83137
269,self_heating,4.1556,0.0799089,326.027,94.8082,6.8577
270,self_heating,4.22226,0.0797425,326.077,94.8232,6.88404
271,self_heating,4.28882,0.0795768,326.127,94.8381,6.91039
272,self_heating,4.35527,0.0794117,326.176,94.8529,6.93673
273,self_heating,4.42161,0.0792473,326.226,94.8677,6.96309
274,self_heating,4.48786,0.0790836,326.275,94.8825,6.98944
275,self_heating,4.554,0.0789206,326.324,94.8971,7.0158
276,self_heating,4.62005,0.0787582,326.373,94.9118,7.04217
277,self_heating,4.68599,0.0785965,326.421,94.9263,7.06854
278,self_heating,4.75183,0.0784354,326.469,94.9408,7.09491
279,self_heating,4.81757,0.078275,326.517,94.9552,7.12128
280,self_heating,4.88321,0.0781153,326.565,94.9696,7.14766
281,self_heating,4.94875,0.0779561,326.613,94.9839,7.17405
282,self_heating,5.0142,0.0777976,326.661,94.9982,7.20044
283,self_heating,5.07954,0.0776398,326.708,95.0124,7.22683
284,self_heating,5.14479,0.0774826,326.755,95.0266,7.25323
285,self_heating,5.20994,0.077326,326.802,95.0407,7.27963
286,self_heating,5.27499,0.07717,326.849,95.0547,7.30603
287,self_heating,5.33994,0.0770146,326.896,95.0687,7.33244
288,self_heating,5.4048,0.0768599,326.942,95.0826,7.35885
289,self_heating,5.46956,0.0767058,326.988,95.0965,7.38527
290,self_heating,5.53423,0.0765523,327.034,95.1103,7.41169
291,self_heating,5.59879,0.0763994,327.08,95.1241,7.43811
292,self_heating,5.66327,0.076247,327.126,95.1378,7.46454
293,self_heating,5.72765,0.0760953,327.171,95.1514,7.49097
294,self_heating,5.79193,0.0759442,327.217,95.165,7.5174
295,self_heating,5.85612,0.0757937,327.262,95.1786,7.54384
296,self_heating,5.92022,0.0756437,327.307,95.1921,7.57028
297,self_heating,5.98423,0.0754944,327.352,95.2055,7.59673
298,self_heating,6.04814,0.0753456,327.396,95.2189,7.62318
299,self_heating,6.11195,0.0751974,327.441,95.2322,7.64963
300,self_heating,6.17568,0.0750497,327.485,95.2455,7.67609
301,self_heating,6.23931,0.0749027,327.529,95.2588,7.70255
302,self_heating,6.30286,0.0747562,327.573,95.2719,7.72901
303,self_heating,6.36631,0.0746102,327.617,95.2851,7.75548
304,self_heating,6.42967,0.0744649,327.661,95.2982,7.78195
305,self_heating,6.49294,0.07432,327.704,95.3112,7.80843
306,self_heating,6.55612,0.0741758,327.747,95.3242,7.83491
307,self_heating,6.6192,0.074032,327.79,95.3371,7.86139
308,self_heating,6.6822,0.0738889,327.833,95.35,7.88788
309,self_heating,6.74511,0.0737462,327.876,95.3628,7.91437
310,self_heating,6.80794,0.0736042,327.919,95.3756,7.94086
311,self_heating,6.87067,0.0734626,327.961,95.3884,7.96736
312,self_heating,6.93331,0.0733216,328.004,95.4011,7.99386
313,self_heating,6.99587,0.0731811,328.046,95.4137,8.02036
314,self_heating,7.05834,0.0730411,328.088,95.4263,8.04687
315,self_heating,7.12072,0.0729017,328.129,95.4388,8.07338
316,self_heating,7.18301,0.0727628,328.171,95.4513,8.09989
317,self_heating,7.24522,0.0726244,328.213,95.4638,8.12641
318,self_heating,7.30734,0.0724865,328.254,95.4762,8.15293
319,self_heating,7.36938,0.0723492,328.295,95.4886,8.17946
320,self_heating,7.43133,0.0722123,328.336,95.5009,8.20598
321,self_heating,7.49319,0.072076,328.377,95.5132,8.23252
322,self_heating,7.55497,0.0719401,328.418,95.5254,8.25905
323,self_heating,7.61667,0.0718048,328.459,95.5376,8.28559
324,self_heating,7.67828,0.0716699,328.499,95.5497,8.31213
325,self_heating,7.7398,0.0715356,328.539,95.5618,8.33868
326,self_heating,7.80125,0.0714017,328.579,95.5738,8.36522
327,self_heating,7.8626,0.0712684,328.619,95.5858,8.39178
328,self_heating,7.92388,0.0711355,328.659,95.5978,8.41833
329,self_heating,7.98507,0.0710031,328.699,95.6097,8.44489
330,self_heating,8.04618,0.0708712,328.739,95.6216,8.47145
331,self_heating,8.10721,0.0707398,328.778,95.6334,8.49801
332,self_heating,8.16815,0.0706088,328.817,95.6452,8.52458
333,self_heating,8.22901,0.0704783,328.857,95.657,8.55115
334,self_heating,8.2898,0.0703483,328.896,95.6687,8.57773
335,self_heating,8.3505,0.0702188,328.934,95.6803,8.60431
336,self_heating,8.41112,0.0700897,328.973,95.6919,8.63089
337,self_heating,8.47165,0.0699611,329.012,95.7035,8.65747
338,self_heating,8.53211,0.0698329,329.05,95.715,8.68406
339,self_heating,8.59249,0.0697053,329.088,95.7265,8.71065
340,self_heating,8.65279,0.069578,329.127,95.738,8.73724
341,self_heating,8.71301,0.0694512,329.165,95.7494,8.76384
342,self_heating,8.77315,0.0693249,329.203,95.7608,8.79044
343,self_heating,8.83321,0.069199,329.24,95.7721,8.81704
344,self_heating,8.89319,0.0690736,329.278,95.7834,8.84365
345,self_heating,8.95309,0.0689486,329.315,95.7946,8.87026
346,self_heating,9.01292,0.0688241,329.353,95.8058,8.89687
347,self_heating,9.07266,0.0687,329.39,95.817,8.92349
348,self_heating,9.13233,0.0685763,329.427,95.8281,8.95011
349,self_heating,9.19193,0.0684531,329.464,95.8392,8.97673
350,self_heating,9.25144,0.0683303,329.501,95.8503,9.00336
351,self_heating,9.31088,0.0682079,329.538,95.8613,9.02998
352,self_heating,9.37024,0.068086,329.574,95.8723,9.05661
353,self_heating,9.42953,0.0679644,329.611,95.8832,9.08325
354,self_heating,9.48873,0.0678433,329.647,95.8941,9.10989
355,self_heating,9.54787,0.0677227,329.683,95.905,9.13653
356,self_heating,9.60693,0.0676024,329.719,95.9158,9.16317
357,self_heating,9.66591,0.0674826,329.755,95.9266,9.18982
358,self_heating,9.72481,0.0673631,329.791,95.9373,9.21647
359,self_heating,9.78365,0.0672441,329.827,95.948,9.24312
360,self_heating,9.84241,0.0671255,329.862,95.9587,9.26977
361,self_heating,9.90109,0.0670073,329.898,95.9693,9.29643
362,self_heating,9.9597,0.0668895,329.933,95.9799,9.32309
363,self_heating,10.0182,0.0667721,329.968,95.9905,9.34976
364,self_heating,10.0767,0.0666552,330.003,96.001,9.37642
365,self_heating,10.1351,0.0665386,330.038,96.0115,9.40309
366,self_heating,10.1934,0.0664224,330.073,96.022,9.42977
367,self_heating,10.2516,0.0663066,330.108,96.0324,9.45644
368,self_heating,10.3098,0.0661912,330.143,96.0428,9.48312
369,self_heating,10.3679,0.0660762,330.177,96.0531,9.5098
370,self_heating,10.4259,0.0659616,330.212,96.0635,9.53649
371,self_heating,10.4839,0.0658473,330.246,96.0737,9.56317
372,self_heating,10.5418,0.0657335,330.28,96.084,9.58986
373,self_heating,10.5996,0.06562,330.314,96.0942,9.61656
374,self_heating,10.6573,0.0655069,330.348,96.1044,9.64325
375,self_heating,10.715,0.0653942,330.382,96.1145,9.66995
376,self_heating,10.7726,0.0652819,330.415,96.1246,9.69665
377,self_heating,10.8301,0.0651699,330.449,96.1347,9.72336
378,self_heating,10.8876,0.0650584,330.482,96.1447,9.75006
379,self_heating,10.945,0.0649472,330.516,96.1548,9.77677
380,self_heating,11.0023,0.0648363,330.549,96.1647,9.80348
381,self_heating,11.0595,0.0647259,330.582,96.1747,9.8302
382,self_heating,11.1167,0.0646158,330.615,96.1846,9.85692
383,self_heating,11.1738,0.064506,330.648,96.1945,9.88364
384,self_heating,11.2309,0.0643966,330.681,96.2043,9.91036
385,self_heating,11.2878,0.0642876,330.714,96.2141,9.93709
386,self_heating,11.3447,0.064179,330.746,96.2239,9.96382
387,self_heating,11.4016,0.0640707,330.779,96.2336,9.99055
388,self_heating,11.4583,0.0639627,330.811,96.2434,10.0173
389,self_heating,11.515,0.0638551,330.843,96.253,10.044
390,self_heating,11.5717,0.0637479,330.876,96.2627,10.0708
391,self_heating,11.6282,0.063641,330.908,96.2723,10.0975
392,self_heating,11.6847,0.0635345,330.94,96.2819,10.1242
393,self_heating,11.7412,0.0634283,330.972,96.2915,10.151
394,self_heating,11.7975,0.0633224,331.003,96.301,10.1777
395,self_heating,11.8538,0.0632169,331.035,96.3105,10.2045
396,self_heating,11.9101,0.0631117,331.066,96.3199,10.2313
397,self_heating,11.9662,0.0630069,331.098,96.3294,10.258
398,self_heating,12.0223,0.0629024,331.129,96.3388,10.2848
399,self_heating,12.0784,0.0627983,331.161,96.3482,10.3115
400,self_heating,12.1343,0.0626944,331.192,96.3575,10.3383
401,self_heating,12.1902,0.0625909,331.223,96.3668,10.3651
402,self_heating,12.2461,0.0624878,331.254,96.3761,10.3918
403,self_heating,12.3018,0.062385,331.285,96.3854,10.4186
404,self_heating,12.3576,0.0622825,331.315,96.3946,10.4454
405,self_heating,12.4132,0.0621803,331.346,96.4038,10.4722
406,self_heating,12.4688,0.0620785,331.376,96.4129,10.499
407,self_heating,12.5243,0.0619769,331.407,96.4221,10.5257
408,self_heating,12.5797,0.0618757,331.437,96.4312,10.5525
409,self_heating,12.6351,0.0617749,331.468,96.4403,10.5793
410,self_heating,12.6905,0.0616743,331.498,96.4493,10.6061
411,self_heating,12.7457,0.061574,331.528,96.4583,10.6329
412,self_heating,12.8009,0.0614741,331.558,96.4673,10.6597
413,self_heating,12.856,0.0613745,331.588,96.4763,10.6865
414,self_heating,12.9111,0.0612752,331.617,96.4852,10.7133
415,self_heating,12.9661,0.0611762,331.647,96.4941,10.7401
416,self_heating,13.0211,0.0610775,331.677,96.503,10.7669
417,self_heating,13.076,0.0609792,331.706,96.5119,10.7937
418,self_heating,13.1308,0.0608811,331.736,96.5207,10.8205
419,self_heating,13.1855,0.0607833,331.765,96.5295,10.8473
420,self_heating,13.2402,0.0606859,331.794,96.5383,10.8742
421,self_heating,13.2949,0.0605887,331.823,96.547,10.901
422,self_heating,13.3495,0.0604919,331.852,96.5557,10.9278
423,self_heating,13.404,0.0603953,331.881,96.5644,10.9546
424,self_heating,13.4584,0.0602991,331.91,96.5731,10.9814
425,self_heating,13.5128,0.0602031,331.939,96.5817,11.0083
426,self_heating,13.5672,0.0601074,331.968,96.5903,11.0351
427,self_heating,13.6214,0.0600121,331.996,96.5989,11.0619
428,self_heating,13.6757,0.059917,332.025,96.6075,11.0888
429,self_heating,13.7298,0.0598222,332.053,96.616,11.1156
430,self_heating,13.7839,0.0597277,332.082,96.6245,11.1424
431,self_heating,13.8379,0.0596335,332.11,96.633,11.1693
432,self_heating,13.8919,0.0595396,332.138,96.6414,11.1961
433,self_heating,13.9458,0.059446,332.166,96.6499,11.223
434,self_heating,13.9997,0.0593526,332.194,96.6583,11.2498
435,self_heating,14.0535,0.0592595,332.222,96.6666,11.2767
436,self_heating,14.1072,0.0591668,332.25,96.675,11.3035
437,self_heating,14.1609,0.0590743,332.278,96.6833,11.3304
438,self_heating,14.2145,0.058982,332.305,96.6916,11.3573
439,self_heating,14.2681,0.0588901,332.333,96.6999,11.3841
440,self_heating,14.3216,0.0587984,332.36,96.7081,11.411
441,self_heating,14.375,0.058707,332.388,96.7164,11.4378
442,self_heating,14.4284,0.0586159,332.415,96.7246,11.4647
443,self_heating,14.4818,0.0585251,332.442,96.7327,11.4916
444,self_heating,14.535,0.0584345,332.47,96.7409,11.5185
445,self_heating,14.5883,0.0583442,332.497,96.749,11.5453
446,self_heating,14.6414,0.0582541,332.524,96.7571,11.5722
447,self_heating,14.6945,0.0581644,332.551,96.7652,11.5991
448,self_heating,14.7476,0.0580749,332.578,96.7733,11.626
449,self_heating,14.8006,0.0579856,332.604,96.7813,11.6528
450,self_heating,14.8535,0.0578967,332.631,96.7893,11.6797
451,self_heating,14.9064,0.057808,332.658,96.7973,11.7066
452,self_heating,14.9592,0.0577195,332.684,96.8052,11.7335
453,self_heating,15.012,0.0576313,332.711,96.8132,11.7604
454,self_heating,15.0647,0.0575434,332.737,96.8211,11.7873
455,self_heating,15.1173,0.0574558,332.763,96.829,11.8142
456,self_heating,15.1699,0.0573684,332.789,96.8368,11.8411
457,self_heating,15.2225,0.0572812,332.816,96.8447,11.868
458,self_heating,15.275,0.0571943,332.842,96.8525,11.8949
459,self_heating,15.3274,0.0571077,332.868,96.8603,11.9218
460,self_heating,15.3798,0.0570213,332.894,96.8681,11.9487
461,self_heating,15.4321,0.0569351,332.919,96.8758,11.9756
462,self_heating,15.4844,0.0568493,332.945,96.8836,12.0025
463,self_heating,15.5366,0.0567636,332.971,96.8913,12.0295
464,self_heating,15.5888,0.0566782,332.997,96.899,12.0564
465,self_heating,15.6409,0.0565931,333.022,96.9066,12.0833
466,self_heating,15.6929,0.0565082,333.048,96.9143,12.1102
467,self_heating,15.7449,0.0564236,333.073,96.9219,12.1371
468,self_heating,15.7969,0.0563392,333.098,96.9295,12.1641
469,self_heating,15.8488,0.056255,333.124,96.9371,12.191
470,self_heating,15.9006,0.0561711,333.149,96.9446,12.2179
471,self_heating,15.9524,0.0560874,333.174,96.9521,12.2448
472,self_heating,16.0041,0.056004,333.199,96.9596,12.2718
473,self_heating,16.0558,0.0559208,333.224,96.9671,12.2987
474,self_heating,16.1075,0.0558378,333.249,96.9746,12.3256
475,self_heating,16.159,0.0557551,333.273,96.982,12.3526
476,self_heating,16.2106,0.0556726,333.298,96.9895,12.3795
477,self_heating,16.262,0.0555903,333.323,96.9969,12.4065
478,self_heating,16.3135,0.0555083,333.348,97.0043,12.4334
479,self_heating,16.3648,0.0554265,333.372,97.0116,12.4604
480,self_heating,16.4161,0.055345,333.397,97.019,12.4873
481,self_heating,16.4674,0.0552636,333.421,97.0263,12.5143
482,self_heating,16.5186,0.0551825,333.445,97.0336,12.5412
483,self_heating,16.5698,0.0551017,333.469,97.0408,12.5682
484,self_heating,16.6209,0.055021,333.494,97.0481,12.5951
485,self_heating,16.6719,0.0549406,333.518,97.0553,12.6221
486,self_heating,16.723,0.0548604,333.542,97.0626,12.6491
487,self_heating,16.7739,0.0547805,333.566,97.0698,12.676
488,self_heating,16.8248,0.0547007,333.59,97.0769,12.703
489,self_heating,16.8757,0.0546212,333.614,97.0841,12.73
490,self_heating,16.9265,0.0545419,333.637,97.0912,12.7569
491,self_heating,16.9772,0.0544629,333.661,97.0983,12.7839
492,self_heating,17.0279,0.054384,333.685,97.1054,12.8109
493,self_heating,17.0786,0.0543054,333.708,97.1125,12.8378
494,self_heating,17.1292,0.054227,333.732,97.1196,12.8648
495,self_heating,17.1798,0.0541488,333.755,97.1266,12.8918
496,self_heating,17.2303,0.0540708,333.779,97.1336,12.9188
497,self_heating,17.2807,0.053993,333.802,97.1406,12.9458
498,self_heating,17.3311,0.0539155,333.825,97.1476,12.9728
499,self_heating,17.3815,0.0538381,333.849,97.1546,12.9997
500,self_heating,17.4318,0.053761,333.872,97.1615,13.0267
501,self_heating,17.4821,0.0536841,333.895,97.1684,13.0537
502,self_heating,17.5323,0.0536074,333.918,97.1753,13.0807
503,self_heating,17.5824,0.0535309,333.941,97.1822,13.1077
504,self_heating,17.6325,0.0534546,333.964,97.1891,13.1347
505,self_heating,17.6826,0.0533786,333.986,97.1959,13.1617
506,self_heating,17.7326,0.0533027,334.009,97.2028,13.1887
507,self_heating,17.7826,0.053227,334.032,97.2096,13.2157
508,self_heating,17.8325,0.0531516,334.055,97.2164,13.2427
509,self_heating,17.8824,0.0530763,334.077,97.2231,13.2697
510,self_heating,17.9322,0.0530013,334.1,97.2299,13.2967
511,self_heating,17.982,0.0529265,334.122,97.2366,13.3237
512,self_heating,18.0317,0.0528518,334.144,97.2433,13.3507
513,self_heating,18.0814,0.0527774,334.167,97.25,13.3778
514,self_heating,18.131,0.0527032,334.189,97.2567,13.4048
515,self_heating,18.1806,0.0526291,334.211,97.2634,13.4318
516,self_heating,18.2302,0.0525553,334.233,97.27,13.4588
517,self_heating,18.2797,0.0524816,334.256,97.2767,13.4858
518,self_heating,18.3291,0.0524082,334.278,97.2833,13.5129
519,self_heating,18.3785,0.052335,334.3,97.2899,13.5399
520,self_heating,18.4279,0.0522619,334.321,97.2964,13.5669
521,self_heating,18.4772,0.0521891,334.343,97.303,13.5939
522,self_heating,18.5264,0.0521164,334.365,97.3095,13.621
523,self_heating,18.5757,0.0520439,334.387,97.316,13.648
524,self_heating,18.6248,0.0519717,334.408,97.3225,13.675
525,self_heating,18.6739,0.0518996,334.43,97.329,13.7021
526,self_heating,18.723,0.0518277,334.452,97.3355,13.7291
527,self_heating,18.7721,0.051756,334.473,97.342,13.7561
528,self_heating,18.821,0.0516845,334.495,97.3484,13.7832
529,self_heating,18.87,0.0516132,334.516,97.3548,13.8102
530,self_heating,18.9189,0.0515421,334.537,97.3612,13.8373
531,self_heating,18.9677,0.0514711,334.559,97.3676,13.8643
532,self_heating,19.0165,0.0514004,334.58,97.374,13.8914
533,self_heating,19.0653,0.0513298,334.601,97.3803,13.9184
534,self_heating,19.114,0.0512594,334.622,97.3867,13.9455
535,self_heating,19.1627,0.0511892,334.643,97.393,13.9725
536,self_heating,19.2113,0.0511192,334.664,97.3993,13.9996
537,self_heating,19.2599,0.0510494,334.685,97.4056,14.0266
538,self_heating,19.3084,0.0509797,334.706,97.4118,14.0537
539,self_heating,19.3569,0.0509103,334.727,97.4181,14.0808
540,self_heating,19.4054,0.050841,334.748,97.4243,14.1078
541,self_heating,19.4538,0.0507719,334.768,97.4305,14.1349
542,self_heating,19.5021,0.0507029,334.789,97.4367,14.162
543,self_heating,19.5504,0.0506342,334.81,97.4429,14.189
544,self_heating,19.5987,0.0505656,334.83,97.4491,14.2161
545,self_heating,19.6469,0.0504972,334.851,97.4553,14.2432
546,self_heating,19.6951,0.050429,334.871,97.4614,14.2702
547,self_heating,19.7433,0.050361,334.892,97.4675,14.2973
548,self_heating,19.7913,0.0502931,334.912,97.4736,14.3244
549,self_heating,19.8394,0.0502254,334.932,97.4797,14.3515
550,self_heating,19.8874,0.0501579,334.953,97.4858,14.3785
551,self_heating,19.9354,0.0500905,334.973,97.4919,14.4056
552,self_heating,19.9833,0.0500234,334.993,97.4979,14.4327
553,self_heating,20.0312,0.0499564,335.013,97.5039,14.4598
554,self_heating,20.079,0.0498895,335.033,97.5099,14.4869
555,self_heating,20.1268,0.0498229,335.053,97.5159,14.514
556,self_heating,20.1746,0.0497564,335.073,97.5219,14.5411
557,self_heating,20.2223,0.0496901,335.093,97.5279,14.5681
558,self_heating,20.27,0.0496239,335.113,97.5338,14.5952
559,self_heating,20.3176,0.049558,335.133,97.5398,14.6223
560,self_heating,20.3652,0.0494921,335.152,97.5457,14.6494
561,self_heating,20.4127,0.0494265,335.172,97.5516,14.6765
562,self_heating,20.4602,0.049361,335.192,97.5575,14.7036
563,self_heating,20.5077,0.0492957,335.211,97.5634,14.7307
564,self_heating,20.5551,0.0492305,335.231,97.5693,14.7578
565,self_heating,20.6025,0.0491656,335.25,97.5751,14.7849
566,self_heating,20.6498,0.0491007,335.27,97.5809,14.812
567,self_heating,20.6971,0.0490361,335.289,97.5868,14.8391
568,self_heating,20.7443,0.0489716,335.309,97.5926,14.8663
569,self_heating,20.7915,0.0489072,335.328,97.5983,14.8934
570,self_heating,20.8387,0.0488431,335.347,97.6041,14.9205
571,self_heating,20.8858,0.048779,335.366,97.6099,14.9476
572,self_heating,20.9329,0.0487152,335.385,97.6156,14.9747
573,self_heating,20.98,0.0486515,335.405,97.6214,15.0018
574,self_heating,21.027,0.048588,335.424,97.6271,15.0289
575,self_heating,21.0739,0.0485246,335.443,97.6328,15.0561
576,self_heating,21.1209,0.0484614,335.462,97.6385,15.0832
577,self_heating,21.1678,0.0483983,335.481,97.6442,15.1103
578,self_heating,21.2146,0.0483354,335.499,97.6498,15.1374
579,self_heating,21.2614,0.0482726,335.518,97.6555,15.1646
580,self_heating,21.3082,0.04821,335.537,97.6611,15.1917
581,self_heating,21.3549,0.0481476,335.556,97.6667,15.2188
582,self_heating,21.4016,0.0480853,335.574,97.6723,15.2459
583,self_heating,21.4482,0.0480232,335.593,97.6779,15.2731
584,self_heating,21.4948,0.0479612,335.612,97.6835,15.3002
585,self_heating,21.5414,0.0478993,335.63,97.6891,15.3274
586,self_heating,21.5879,0.0478377,335.649,97.6946,15.3545
587,self_heating,21.6344,0.0477761,335.667,97.7001,15.3816
588,self_heating,21.6808,0.0477148,335.686,97.7057,15.4088
589,self_heating,21.7272,0.0476535,335.704,97.7112,15.4359
590,self_heating,21.7736,0.0475924,335.722,97.7167,15.4631
591,self_heating,21.8199,0.0475315,335.741,97.7222,15.4902
592,self_heating,21.8662,0.0474707,335.759,97.7276,15.5173
593,self_heating,21.9125,0.0474101,335.777,97.7331,15.5445
594,self_heating,21.9587,0.0473496,335.795,97.7385,15.5716
595,self_heating,22.0049,0.0472893,335.813,97.744,15.5988
596,self_heating,22.051,0.0472291,335.831,97.7494,15.6259
597,self_heating,22.0971,0.047169,335.849,97.7548,15.6531
598,self_heating,22.1431,0.0471091,335.867,97.7602,15.6803
599,self_heating,22.1892,0.0470494,335.885,97.7656,15.7074
600,self_heating,22.2351,0.0469898,335.903,97.7709,15.7346
